CREATE DATABASE  IF NOT EXISTS `bed_assignment1` /*!40100 DEFAULT CHARACTER SET utf8mb4 COLLATE utf8mb4_0900_ai_ci */ /*!80016 DEFAULT ENCRYPTION='N' */;
USE `bed_assignment1`;
-- MySQL dump 10.13  Distrib 8.0.27, for Win64 (x86_64)
--
-- Host: localhost    Database: bed_assignment1
-- ------------------------------------------------------
-- Server version	8.0.27

/*!40101 SET @OLD_CHARACTER_SET_CLIENT=@@CHARACTER_SET_CLIENT */;
/*!40101 SET @OLD_CHARACTER_SET_RESULTS=@@CHARACTER_SET_RESULTS */;
/*!40101 SET @OLD_COLLATION_CONNECTION=@@COLLATION_CONNECTION */;
/*!50503 SET NAMES utf8 */;
/*!40103 SET @OLD_TIME_ZONE=@@TIME_ZONE */;
/*!40103 SET TIME_ZONE='+00:00' */;
/*!40014 SET @OLD_UNIQUE_CHECKS=@@UNIQUE_CHECKS, UNIQUE_CHECKS=0 */;
/*!40014 SET @OLD_FOREIGN_KEY_CHECKS=@@FOREIGN_KEY_CHECKS, FOREIGN_KEY_CHECKS=0 */;
/*!40101 SET @OLD_SQL_MODE=@@SQL_MODE, SQL_MODE='NO_AUTO_VALUE_ON_ZERO' */;
/*!40111 SET @OLD_SQL_NOTES=@@SQL_NOTES, SQL_NOTES=0 */;

--
-- Table structure for table `console_logs`
--

DROP TABLE IF EXISTS `console_logs`;
/*!40101 SET @saved_cs_client     = @@character_set_client */;
/*!50503 SET character_set_client = utf8mb4 */;
CREATE TABLE `console_logs` (
  `Log_ID` int NOT NULL AUTO_INCREMENT,
  `Log_Description` varchar(255) NOT NULL,
  `Created_At` timestamp NOT NULL DEFAULT CURRENT_TIMESTAMP ON UPDATE CURRENT_TIMESTAMP,
  PRIMARY KEY (`Log_ID`),
  UNIQUE KEY `Log_ID_UNIQUE` (`Log_ID`)
) ENGINE=InnoDB AUTO_INCREMENT=558 DEFAULT CHARSET=utf8mb4 COLLATE=utf8mb4_0900_ai_ci;
/*!40101 SET character_set_client = @saved_cs_client */;

--
-- Dumping data for table `console_logs`
--

LOCK TABLES `console_logs` WRITE;
/*!40000 ALTER TABLE `console_logs` DISABLE KEYS */;
INSERT INTO `console_logs` VALUES (41,'\naddUser : Duplicate Entry. The new username OR new email provided already exists.\nError: ER_DUP_ENTRY: Duplicate entry \'justinssssdadsss\' for key \'userinfo.username_UNIQUE\'','2021-11-30 17:29:14'),(42,'\naddCategory : Bad Request. Input received mismatches required datatype.','2021-11-30 17:35:04'),(43,'getAllUsers : Connected to SQL Server: Printing All Users.','2021-11-30 17:35:07'),(44,'\nConnected to SQL Server. Printing All Product Categories','2021-12-01 06:24:27'),(45,'\nConnected to SQL Server. Printing All Product Categories','2021-12-01 06:27:08'),(46,'\nConnected to SQL Server. Printing All Product Categories','2021-12-01 06:32:13'),(47,'\nConnected to SQL Server. Printing All Product Categories','2021-12-01 06:34:18'),(48,'\naddUser : Duplicate Entry. The new username OR new email provided already exists.\nError: ER_DUP_ENTRY: Duplicate entry \'justinssssdadsss\' for key \'userinfo.username_UNIQUE\'','2021-12-01 06:36:02'),(49,'deleteTable : Connected to SQL Server: Truncating userinfo','2021-12-01 06:36:07'),(50,'getAllUsers : Connected to SQL Server: Printing All Users.','2021-12-01 06:36:07'),(51,'deleteTable : Connected to SQL Server: Truncating userinfo','2021-12-01 06:36:27'),(52,'getAllUsers : Connected to SQL Server: Printing All Users.','2021-12-01 06:36:27'),(53,'addUser : Connected to SQL Server: Adding 1 User(s).','2021-12-01 06:36:29'),(54,'deleteTable : Connected to SQL Server: Truncating userinfo','2021-12-01 06:36:37'),(55,'getAllUsers : Connected to SQL Server: Printing All Users.','2021-12-01 06:36:37'),(56,'addUser : Connected to SQL Server: Adding 1 User(s).','2021-12-01 06:36:38'),(57,'\naddUser : Duplicate Entry. The new username OR new email provided already exists.\nError: ER_DUP_ENTRY: Duplicate entry \'justinssssdadsss\' for key \'userinfo.username_UNIQUE\'','2021-12-01 06:37:52'),(58,'deleteTable : Connected to SQL Server: Truncating userinfo','2021-12-01 06:37:56'),(59,'getAllUsers : Connected to SQL Server: Printing All Users.','2021-12-01 06:37:56'),(60,'\naddUser : Duplicate Entry. The new username OR new email provided already exists.\nError: ER_DUP_ENTRY: Duplicate entry \'justinssssdadsss\' for key \'userinfo.username_UNIQUE\'','2021-12-01 06:38:06'),(61,'deleteTable : Connected to SQL Server: Truncating userinfo','2021-12-01 06:38:09'),(62,'getAllUsers : Connected to SQL Server: Printing All Users.','2021-12-01 06:38:09'),(63,'deleteTable : Connected to SQL Server: Truncating userinfo','2021-12-01 06:38:15'),(64,'getAllUsers : Connected to SQL Server: Printing All Users.','2021-12-01 06:38:15'),(65,'getAllUsers : Connected to SQL Server: Printing All Users.','2021-12-01 06:38:45'),(66,'getAllUsers : Connected to SQL Server: Printing All Users.','2021-12-01 06:39:12'),(67,'deleteTable : Connected to SQL Server: Truncating userinfo','2021-12-01 06:39:17'),(68,'getAllUsers : Connected to SQL Server: Printing All Users.','2021-12-01 06:39:17'),(69,'getAllUsers : Connected to SQL Server: Printing All Users.','2021-12-01 06:39:21'),(70,'\naddUser : Duplicate Entry. The new username OR new email provided already exists.\nError: ER_DUP_ENTRY: Duplicate entry \'justinssssdadsss\' for key \'userinfo.username_UNIQUE\'','2021-12-01 06:45:19'),(71,'deleteTable : Connected to SQL Server: Truncating userinfo','2021-12-01 06:45:22'),(72,'getAllUsers : Connected to SQL Server: Printing All Users.','2021-12-01 06:45:22'),(73,'\naddUser : Duplicate Entry. The new username OR new email provided already exists.\nError: ER_DUP_ENTRY: Duplicate entry \'justinssssdadsss\' for key \'userinfo.username_UNIQUE\'','2021-12-01 06:46:46'),(74,'deleteTable : Connected to SQL Server: Truncating userinfo','2021-12-01 06:46:49'),(75,'getAllUsers : Connected to SQL Server: Printing All Users.','2021-12-01 06:46:49'),(76,'deleteTable : Connected to SQL Server: Truncating userinfo','2021-12-01 06:48:16'),(77,'getAllUsers : Connected to SQL Server: Printing All Users.','2021-12-01 06:48:16'),(78,'deleteTable : Connected to SQL Server: Truncating userinfo','2021-12-01 06:48:44'),(79,'getAllUsers : Connected to SQL Server: Printing All Users.','2021-12-01 06:48:44'),(80,'\naddUser : Duplicate Entry. The new username OR new email provided already exists.\nError: ER_DUP_ENTRY: Duplicate entry \'justinssssdadsss\' for key \'userinfo.username_UNIQUE\'','2021-12-01 06:50:15'),(81,'deleteTable : Connected to SQL Server: Truncating userinfo','2021-12-01 06:50:17'),(82,'getAllUsers : Connected to SQL Server: Printing All Users.','2021-12-01 06:50:17'),(83,'addUser : Connected to SQL Server: Added User ID: [object Object]','2021-12-01 06:50:20'),(84,'deleteTable : Connected to SQL Server: Truncating userinfo','2021-12-01 06:50:39'),(85,'getAllUsers : Connected to SQL Server: Printing All Users.','2021-12-01 06:50:39'),(86,'addUser : Connected to SQL Server: Added User ID: [object Object]','2021-12-01 06:50:41'),(87,'\naddUser : Duplicate Entry. The new username OR new email provided already exists.\nError: ER_DUP_ENTRY: Duplicate entry \'justinssssdadsss\' for key \'userinfo.username_UNIQUE\'','2021-12-01 06:51:13'),(88,'deleteTable : Connected to SQL Server: Truncating userinfo','2021-12-01 06:51:15'),(89,'getAllUsers : Connected to SQL Server: Printing All Users.','2021-12-01 06:51:15'),(90,'addUser : Connected to SQL Server: Added User ID: [object Object]','2021-12-01 06:51:17'),(91,'\naddUser : Duplicate Entry. The new username OR new email provided already exists.\nError: ER_DUP_ENTRY: Duplicate entry \'justinssssdadsss\' for key \'userinfo.username_UNIQUE\'','2021-12-01 06:52:27'),(92,'deleteTable : Connected to SQL Server: Truncating userinfo','2021-12-01 06:52:30'),(93,'getAllUsers : Connected to SQL Server: Printing All Users.','2021-12-01 06:52:30'),(94,'addUser : Connected to SQL Server: Added User ID: [object Object]','2021-12-01 06:52:31'),(95,'getAllUsers : Connected to SQL Server: Printing All Users.','2021-12-01 06:52:59'),(96,'deleteTable : Connected to SQL Server: Truncating userinfo','2021-12-01 06:54:37'),(97,'getAllUsers : Connected to SQL Server: Printing All Users.','2021-12-01 06:54:37'),(98,'deleteTable : Connected to SQL Server: Truncating userinfo','2021-12-01 06:59:48'),(99,'getAllUsers : Connected to SQL Server: Printing All Users.','2021-12-01 06:59:48'),(100,'addUser : Connected to SQL Server: Added User ID: [object Object]','2021-12-01 06:59:50'),(101,'\naddUser : Duplicate Entry. The new username OR new email provided already exists.\nError: ER_DUP_ENTRY: Duplicate entry \'justinssssdadsss\' for key \'userinfo.username_UNIQUE\'','2021-12-01 07:00:02'),(102,'deleteTable : Connected to SQL Server: Truncating userinfo','2021-12-01 07:00:04'),(103,'getAllUsers : Connected to SQL Server: Printing All Users.','2021-12-01 07:00:04'),(104,'addUser : Connected to SQL Server: Added User ID: [object Object]','2021-12-01 07:00:06'),(105,'getAllUsers : Connected to SQL Server: Printing All Users.','2021-12-01 07:00:24'),(106,'deleteTable : Connected to SQL Server: Truncating userinfo','2021-12-01 07:00:48'),(107,'getAllUsers : Connected to SQL Server: Printing All Users.','2021-12-01 07:00:48'),(108,'\naddUser : Duplicate Entry. The new username OR new email provided already exists.\nError: ER_DUP_ENTRY: Duplicate entry \'justinssssdadsss\' for key \'userinfo.username_UNIQUE\'','2021-12-01 07:01:01'),(109,'deleteTable : Connected to SQL Server: Truncating userinfo','2021-12-01 07:01:04'),(110,'getAllUsers : Connected to SQL Server: Printing All Users.','2021-12-01 07:01:04'),(111,'\naddUser : Duplicate Entry. The new username OR new email provided already exists.\nError: ER_DUP_ENTRY: Duplicate entry \'justinssssdadsss\' for key \'userinfo.username_UNIQUE\'','2021-12-01 07:02:02'),(112,'deleteTable : Connected to SQL Server: Truncating userinfo','2021-12-01 07:02:07'),(113,'getAllUsers : Connected to SQL Server: Printing All Users.','2021-12-01 07:02:07'),(114,'deleteTable : Connected to SQL Server: Truncating userinfo','2021-12-01 07:02:26'),(115,'getAllUsers : Connected to SQL Server: Printing All Users.','2021-12-01 07:02:26'),(116,'addUser : Connected to SQL Server: Added User ID: [object Object]','2021-12-01 07:02:28'),(117,'deleteTable : Connected to SQL Server: Truncating userinfo','2021-12-01 07:03:50'),(118,'getAllUsers : Connected to SQL Server: Printing All Users.','2021-12-01 07:03:50'),(119,'\naddUser : Duplicate Entry. The new username OR new email provided already exists.\nError: ER_DUP_ENTRY: Duplicate entry \'justinssssdads\' for key \'userinfo.username_UNIQUE\'','2021-12-01 07:06:22'),(120,'addUser : Connected to SQL Server: Added User ID: [object Object],[object Object],[object Object]','2021-12-01 07:06:29'),(121,'addUser : Connected to SQL Server: Added User ID: [object Object]','2021-12-01 07:08:28'),(122,'deleteTable : Connected to SQL Server: Truncating userinfo','2021-12-01 07:08:46'),(123,'getAllUsers : Connected to SQL Server: Printing All Users.','2021-12-01 07:08:46'),(124,'\ngetAllCategories : Connected to SQL Server. Printing All Product Categories','2021-12-01 07:32:21'),(125,'addProduct : Connected to SQL Server: Added Product ID: [object Object]','2021-12-01 07:33:13'),(126,'deleteTable : Connected to SQL Server: Truncating userinfo','2021-12-01 07:34:59'),(127,'getAllUsers : Connected to SQL Server: Printing All Users.','2021-12-01 07:34:59'),(128,'\ndeleteTable : Internal Server Error.\nError: ER_PARSE_ERROR: You have an error in your SQL syntax; check the manual that corresponds to your MySQL server version for the right syntax to use near \'\'products\'\' at line 1','2021-12-01 07:37:05'),(129,'deleteTable : Connected to SQL Server: Truncating userinfo','2021-12-01 07:37:23'),(130,'getAllUsers : Connected to SQL Server: Printing All Users.','2021-12-01 07:37:23'),(131,'addProduct : Connected to SQL Server: Added Product ID: [object Object]','2021-12-01 07:37:29'),(132,'\naddProduct : Duplicate Entry. The new name provided already exists.\nError: ER_DUP_ENTRY: Duplicate entry \'Vapor 17X\' for key \'products.name_UNIQUE\'','2021-12-01 07:37:31'),(133,'deleteTable : Connected to SQL Server: Truncating userinfo','2021-12-01 07:37:39'),(134,'getAllUsers : Connected to SQL Server: Printing All Users.','2021-12-01 07:37:39'),(135,'addProduct : Connected to SQL Server: Added Product ID: [object Object]','2021-12-01 07:37:41'),(136,'addProduct : Connected to SQL Server: Added Product ID: [object Object],[object Object]','2021-12-01 07:37:49'),(137,'addProduct : Connected to SQL Server: Added Product ID: [object Object]','2021-12-01 07:38:45'),(138,'deleteTable : Connected to SQL Server: Truncating userinfo','2021-12-01 07:38:48'),(139,'getAllUsers : Connected to SQL Server: Printing All Users.','2021-12-01 07:38:48'),(140,'addProduct : Connected to SQL Server: Added Product ID: [object Object]','2021-12-01 07:38:52'),(141,'addProduct : Connected to SQL Server: Added Product ID: undefined','2021-12-01 07:39:23'),(142,'\naddProduct : Duplicate Entry. The new name provided already exists.\nError: ER_DUP_ENTRY: Duplicate entry \'Vapor 17Xs\' for key \'products.name_UNIQUE\'','2021-12-01 07:39:34'),(143,'deleteTable : Connected to SQL Server: Truncating userinfo','2021-12-01 07:39:36'),(144,'getAllUsers : Connected to SQL Server: Printing All Users.','2021-12-01 07:39:36'),(145,'deleteTable : Connected to SQL Server: Truncating userinfo','2021-12-01 07:39:49'),(146,'getAllUsers : Connected to SQL Server: Printing All Users.','2021-12-01 07:39:49'),(147,'deleteTable : Connected to SQL Server: Truncating products','2021-12-01 07:40:33'),(148,'getAllUsers : Connected to SQL Server: Printing All Users.','2021-12-01 07:40:33'),(149,'deleteTable : Connected to SQL Server: Truncating products','2021-12-01 07:44:23'),(150,'deleteTable : Connected to SQL Server: Truncating products','2021-12-01 07:45:44'),(151,'\ngetAllCategories : Connected to SQL Server. Printing All Product Categories','2021-12-01 07:45:44'),(152,'\naddProduct : Connected to SQL Server: Added Product ID: undefined','2021-12-01 07:46:22'),(153,'deleteTable : Connected to SQL Server: Truncating products','2021-12-01 07:46:40'),(154,'\ngetAllCategories : Connected to SQL Server. Printing All Product Categories','2021-12-01 07:46:40'),(155,'addUser : Connected to SQL Server: Added User ID: [object Object]','2021-12-01 07:47:18'),(156,'deleteTable : Connected to SQL Server: Truncating userinfo','2021-12-01 07:48:18'),(157,'getAllUsers : Connected to SQL Server: Printing All Users.','2021-12-01 07:48:18'),(158,'addUser : Connected to SQL Server: Added User ID: JSON.stringify(theObject.toString([object Object]))','2021-12-01 07:48:20'),(159,'deleteTable : Connected to SQL Server: Truncating userinfo','2021-12-01 07:48:51'),(160,'getAllUsers : Connected to SQL Server: Printing All Users.','2021-12-01 07:48:51'),(161,'addUser : Connected to SQL Server: Added User ID: JSON.stringify(theObject.toString([object Object]))','2021-12-01 07:48:53'),(162,'deleteTable : Connected to SQL Server: Truncating userinfo','2021-12-01 07:49:46'),(163,'getAllUsers : Connected to SQL Server: Printing All Users.','2021-12-01 07:49:46'),(164,'deleteTable : Connected to SQL Server: Truncating userinfo','2021-12-01 07:50:12'),(165,'getAllUsers : Connected to SQL Server: Printing All Users.','2021-12-01 07:50:12'),(166,'deleteTable : Connected to SQL Server: Truncating userinfo','2021-12-01 07:50:48'),(167,'getAllUsers : Connected to SQL Server: Printing All Users.','2021-12-01 07:50:48'),(168,'addUser : Connected to SQL Server: Added User ID: undefined','2021-12-01 07:50:51'),(169,'deleteTable : Connected to SQL Server: Truncating userinfo','2021-12-01 07:51:00'),(170,'getAllUsers : Connected to SQL Server: Printing All Users.','2021-12-01 07:51:00'),(171,'addUser : Connected to SQL Server: Added User ID: {\"userid\":1}','2021-12-01 07:51:04'),(172,'deleteTable : Connected to SQL Server: Truncating userinfo','2021-12-01 07:51:23'),(173,'getAllUsers : Connected to SQL Server: Printing All Users.','2021-12-01 07:51:23'),(174,'addUser : Connected to SQL Server: Added User ID: 1','2021-12-01 07:51:24'),(175,'deleteTable : Connected to SQL Server: Truncating products','2021-12-01 07:52:07'),(176,'\ngetAllCategories : Connected to SQL Server. Printing All Product Categories','2021-12-01 07:52:07'),(177,'\naddProduct : Connected to SQL Server: Added Product ID: undefined','2021-12-01 07:52:09'),(178,'deleteTable : Connected to SQL Server: Truncating products','2021-12-01 07:52:28'),(179,'\ngetAllCategories : Connected to SQL Server. Printing All Product Categories','2021-12-01 07:52:28'),(180,'\naddProduct : Connected to SQL Server: Added Product ID: {\"product_id\":1}','2021-12-01 07:52:29'),(181,'deleteTable : Connected to SQL Server: Truncating products','2021-12-01 07:52:41'),(182,'\ngetAllCategories : Connected to SQL Server. Printing All Product Categories','2021-12-01 07:52:41'),(183,'\naddProduct : Connected to SQL Server: Added Product ID: 1','2021-12-01 07:52:42'),(184,'deleteTable : Connected to SQL Server: Truncating products','2021-12-01 07:56:36'),(185,'getAllProducts : Connected to SQL Server: Printing All Products.','2021-12-01 07:56:36'),(186,'\ndeleteTable : Internal Server Error.\nError: ER_PARSE_ERROR: You have an error in your SQL syntax; check the manual that corresponds to your MySQL server version for the right syntax to use near \',userinfo\' at line 1','2021-12-01 07:56:48'),(187,'\ndeleteTable : Internal Server Error.\nError: ER_NO_SUCH_TABLE: Table \'bed_assignment1.undefined\' doesn\'t exist','2021-12-01 07:56:55'),(188,'getAllProducts : Connected to SQL Server: Printing All Products.','2021-12-01 07:59:38'),(189,'\naddProduct : Connected to SQL Server: Added Product ID: 1','2021-12-01 07:59:41'),(190,'\naddProduct : Connected to SQL Server: Added Product ID: 2','2021-12-01 07:59:44'),(191,'\naddProduct : Connected to SQL Server: Added Product ID: 3','2021-12-01 07:59:47'),(192,'getAllProducts : Connected to SQL Server: Printing All Products.','2021-12-01 07:59:51'),(193,'deleteTable : Connected to SQL Server: Truncating products','2021-12-01 08:18:35'),(194,'getAllProducts : Connected to SQL Server: Printing All Products.','2021-12-01 08:18:35'),(195,'\naddProduct : Internal Server Error\nError: ER_BAD_FIELD_ERROR: Unknown column \'category_id\' in \'field list\'','2021-12-01 08:23:05'),(196,'\naddProduct : Connected to SQL Server: Added Product ID: 1','2021-12-01 08:23:42'),(197,'\naddProduct : Connected to SQL Server: Added Product ID: 2','2021-12-01 08:23:46'),(198,'\naddProduct : Duplicate Entry. The new name provided already exists.\nError: ER_DUP_ENTRY: Duplicate entry \'Vapor 17X\' for key \'products.name_UNIQUE\'','2021-12-01 08:28:04'),(199,'\ndeleteTable : Internal Server Error.\nError: ER_PARSE_ERROR: You have an error in your SQL syntax; check the manual that corresponds to your MySQL server version for the right syntax to use near \',\' at line 1','2021-12-01 08:28:10'),(200,'\ndeleteTable : Internal Server Error.\nError: ER_PARSE_ERROR: You have an error in your SQL syntax; check the manual that corresponds to your MySQL server version for the right syntax to use near \',\' at line 1','2021-12-01 08:28:27'),(201,'\ndeleteTable : Internal Server Error.\nError: ER_NO_SUCH_TABLE: Table \'bed_assignment1.undefined\' doesn\'t exist','2021-12-01 08:29:08'),(202,'getProduct : Connected to SQL Server: Product Information.','2021-12-03 05:23:15'),(203,'getProduct : Connected to SQL Server: Product Information.','2021-12-03 05:23:50'),(204,'getProduct : Connected to SQL Server: Product Information.','2021-12-03 05:23:50'),(205,'getProduct : Connected to SQL Server: Product Information.','2021-12-03 05:26:15'),(206,'getProduct : Connected to SQL Server: Product Information.','2021-12-03 05:26:30'),(207,'getProduct : Connected to SQL Server: Product Information.','2021-12-03 05:29:26'),(208,'getProduct : Connected to SQL Server: Product Information.','2021-12-03 05:30:20'),(209,'getProduct : Connected to SQL Server: Product Information.','2021-12-03 05:31:15'),(210,'getProduct : Connected to SQL Server: Product Information.','2021-12-03 05:31:33'),(211,'getProduct : Connected to SQL Server: Product Information.','2021-12-03 05:31:38'),(212,'getProduct : Connected to SQL Server: Product Information.','2021-12-03 05:36:28'),(213,'\n getAlProductsWithinCategory : Bad Request. Input received mismatches required datatype.','2021-12-03 05:38:39'),(214,'getProduct : Connected to SQL Server: Category Information.','2021-12-03 05:40:51'),(215,'getProduct : Connected to SQL Server: Category Information.','2021-12-03 05:41:08'),(216,'getProduct : Connected to SQL Server: Category Information.','2021-12-03 05:41:09'),(217,'getProduct : Connected to SQL Server: Category Information.','2021-12-03 05:41:10'),(218,'\ngetAlProductsWithinCategory : Bad Request. Product Category 100 not found.','2021-12-03 05:41:33'),(219,'\ngetAlProductsWithinCategory : Bad Request. Product Category 100 not found.','2021-12-03 05:42:05'),(220,'getProduct : Connected to SQL Server: Category 1\'s Information.','2021-12-03 05:42:07'),(221,'\ngetAlProductsWithinCategory : Bad Request. Product Category 2 not found.','2021-12-03 05:42:14'),(222,'ngetAlProductsWithinCategory : Connected to SQL Server: Category 1\'s Information.','2021-12-03 05:46:19'),(223,'n\ngetProduct : Connected to SQL Server: Product 1\'s Information.','2021-12-03 06:17:49'),(224,'n\ngetProduct : Connected to SQL Server: Product 2\'s Information.','2021-12-03 06:17:53'),(225,'\ngetProduct : Internal Server Error.\nError: ER_BAD_FIELD_ERROR: Unknown column \'product_categories.name\' in \'field list\'','2021-12-03 06:18:40'),(226,'n\ngetProduct : Connected to SQL Server: Product 2\'s Information.','2021-12-03 06:21:48'),(227,'\ngetProduct : Internal Server Error.\nError: ER_BAD_FIELD_ERROR: Unknown column \'product_id\' in \'where clause\'','2021-12-03 06:22:40'),(228,'\ngetProduct : Internal Server Error.\nError: ER_BAD_FIELD_ERROR: Unknown column \'product_id\' in \'where clause\'','2021-12-03 06:23:16'),(229,'\ngetProduct : Internal Server Error.\nError: ER_BAD_FIELD_ERROR: Unknown column \'product_id\' in \'where clause\'','2021-12-03 06:24:59'),(230,'n\ngetProduct : Connected to SQL Server: Product 2\'s Information.','2021-12-03 06:25:35'),(231,'n\ngetProduct : Connected to SQL Server: Product 2\'s Information.','2021-12-03 06:30:19'),(232,'n\ngetProduct : Connected to SQL Server: Product 2\'s Information.','2021-12-03 06:30:37'),(233,'n\ngetProduct : Connected to SQL Server: Product 2\'s Information.','2021-12-03 06:31:03'),(234,'n\ngetProduct : Connected to SQL Server: Product 2\'s Information.','2021-12-03 06:31:04'),(235,'n\ngetProduct : Connected to SQL Server: Product 2\'s Information.','2021-12-03 06:31:04'),(236,'n\ngetProduct : Connected to SQL Server: Product 2\'s Information.','2021-12-03 06:31:10'),(237,'\ngetProduct : Connected to SQL Server: Product 2\'s Information.','2021-12-03 06:31:46'),(238,'n\ngetProduct : Connected to SQL Server: Product 2\'s Information.','2021-12-03 06:32:40'),(239,'n\ngetProduct : Connected to SQL Server: Product 1\'s Information.','2021-12-03 06:32:58'),(240,'\ngetAlProductsWithinCategory : Bad Request. Product Category 2 not found.','2021-12-03 06:34:06'),(241,'\ngetAlProductsWithinCategory : Bad Request. Product Category 19 not found.','2021-12-03 06:55:01'),(242,'\n\ngetProduct : Bad Request. Product 19 not found.','2021-12-03 06:55:06'),(243,'\n\ngetProduct : Bad Request. Product 19 not found.','2021-12-03 06:55:28'),(244,'n\ngetProduct : Connected to SQL Server: Product 10\'s Information.','2021-12-03 06:56:38'),(245,'n\ngetProduct : Connected to SQL Server: Product 11\'s Information.','2021-12-03 06:56:44'),(246,'\n\ngetProduct : Bad Request. Product 19 not found.','2021-12-03 06:56:46'),(247,'n\ngetProduct : Connected to SQL Server: Product 18\'s Information.','2021-12-03 06:56:49'),(248,'\n\ngetProduct : Bad Request. Product 19 not found.','2021-12-03 06:57:24'),(249,'\ngetAlProductsWithinCategory : Bad Request. Product Category 6 not found.','2021-12-03 06:57:41'),(250,'\ngetAlProductsWithinCategory : Bad Request. Product Category 6 not found.','2021-12-03 06:58:12'),(251,'n\ngetProduct : Connected to SQL Server: Product 19\'s Information.','2021-12-03 06:58:13'),(252,'getAllProducts : Connected to SQL Server: Printing All Products.','2021-12-03 06:58:22'),(253,'getAllProducts : Connected to SQL Server: Printing All Products.','2021-12-03 06:59:37'),(254,'n\ngetProduct : Connected to SQL Server: Product 19\'s Information.','2021-12-03 06:59:41'),(255,'n\ngetProduct : Connected to SQL Server: Product 19\'s Information.','2021-12-03 07:05:45'),(256,'n\ngetProduct : Connected to SQL Server: Product 19\'s Information.','2021-12-03 07:05:48'),(257,'n\ngetProduct : Connected to SQL Server: Product 19\'s Information.','2021-12-03 07:05:48'),(258,'n\ngetProduct : Connected to SQL Server: Product 19\'s Information.','2021-12-03 07:05:49'),(259,'n\ngetProduct : Connected to SQL Server: Product 19\'s Information.','2021-12-03 07:05:49'),(260,'n\ngetProduct : Connected to SQL Server: Product 20\'s Information.','2021-12-03 07:05:51'),(261,'n\ngetProduct : Connected to SQL Server: Product 20\'s Information.','2021-12-03 07:06:10'),(262,'getAllProducts : Connected to SQL Server: Printing All Products.','2021-12-03 07:06:15'),(263,'getAllProducts : Connected to SQL Server: Printing All Products.','2021-12-03 07:10:11'),(264,'getAllProducts : Connected to SQL Server: Printing All Products.','2021-12-03 07:10:15'),(265,'n\ngetProduct : Connected to SQL Server: Product 20\'s Information.','2021-12-03 07:10:42'),(266,'n\ngetProduct : Connected to SQL Server: Product 20\'s Information.','2021-12-03 07:11:12'),(267,'n\ngetProduct : Connected to SQL Server: Product 10\'s Information.','2021-12-03 07:11:15'),(268,'n\ngetProduct : Connected to SQL Server: Product 10\'s Information.','2021-12-03 07:13:38'),(269,'n\ngetProduct : Connected to SQL Server: Product 10\'s Information.','2021-12-03 07:14:07'),(270,'\ngetProduct : Connected to SQL Server: Product 10\'s Information.','2021-12-03 07:14:36'),(271,'\ngetProduct : Connected to SQL Server: Product 10\'s Information.','2021-12-03 07:14:49'),(272,'\ngetProduct : Internal Server Error.\nError: ER_BAD_FIELD_ERROR: Unknown column \'price\' in \'field list\'','2021-12-03 07:16:08'),(273,'\ngetProduct : Internal Server Error.\nError: ER_UNKNOWN_TABLE: Unknown table \'temp_table\' in field list','2021-12-03 07:16:29'),(274,'\ngetProduct : Connected to SQL Server: Product 10\'s Information.','2021-12-03 07:19:03'),(275,'\ngetProduct : Connected to SQL Server: Product 10\'s Information.','2021-12-03 07:19:37'),(276,'\ngetProduct : Connected to SQL Server: Product 10\'s Information.','2021-12-03 07:19:52'),(277,'\ngetProduct : Connected to SQL Server: Product 10\'s Information.','2021-12-03 07:20:03'),(278,'\ngetProduct : Connected to SQL Server: Product 1\'s Information.','2021-12-03 07:20:58'),(279,'\ngetProduct : Connected to SQL Server: Product 1\'s Information.','2021-12-03 07:21:30'),(280,'\ngetProduct : Connected to SQL Server: Product 10\'s Information.','2021-12-03 07:21:48'),(281,'\ngetProduct : Connected to SQL Server: Product 10\'s Information.','2021-12-03 07:21:59'),(282,'\ngetProduct : Connected to SQL Server: Product 10\'s Information.','2021-12-03 07:23:07'),(283,'\ngetProduct : Connected to SQL Server: Product 10\'s Information.','2021-12-03 07:30:42'),(284,'\ngetAlProductsWithinCategory : Bad Request. Product Category 5 not found.','2021-12-03 07:30:48'),(285,'\ngetAlProductsWithinCategory : Bad Request. Product Category 4 not found.','2021-12-03 07:30:59'),(286,'\ngetAllCategories : Connected to SQL Server. Printing All Product Categories','2021-12-03 07:31:13'),(287,'ngetAlProductsWithinCategory : Connected to SQL Server: Category 1\'s Information.','2021-12-03 07:32:24'),(288,'ngetAlProductsWithinCategory : Connected to SQL Server: Category 1\'s Information.','2021-12-03 07:35:06'),(289,'ngetAlProductsWithinCategory : Connected to SQL Server: Category 2\'s Information.','2021-12-03 07:35:14'),(290,'ngetAlProductsWithinCategory : Connected to SQL Server: Category 1\'s Information.','2021-12-03 07:35:20'),(291,'ngetAlProductsWithinCategory : Connected to SQL Server: Category 1\'s Information.','2021-12-03 07:38:44'),(292,'ngetAlProductsWithinCategory : Connected to SQL Server: Category 1\'s Information.','2021-12-03 07:40:58'),(293,'ngetAlProductsWithinCategory : Connected to SQL Server: Category 2\'s Information.','2021-12-03 07:41:21'),(294,'ngetAlProductsWithinCategory : Connected to SQL Server: Category 5\'s Information.','2021-12-03 07:41:45'),(295,'\ngetProduct : Connected to SQL Server: Product 9\'s Information.','2021-12-03 07:41:57'),(296,'getAllUsers : Connected to SQL Server: Printing All Users.','2021-12-03 07:42:21'),(297,'\naddUser : Duplicate Entry. The new username OR new email provided already exists.\nError: ER_DUP_ENTRY: Duplicate entry \'justinssssdadssqas\' for key \'userinfo.username_UNIQUE\'','2021-12-05 16:22:59'),(298,'\ngetProduct : Connected to SQL Server: Product 9\'s Information.','2021-12-05 16:23:10'),(299,'ngetAlProductsWithinCategory : Connected to SQL Server: Category 5\'s Information.','2021-12-05 16:23:13'),(300,'getUser: Connected to SQL Server: Printing User 1','2021-12-05 16:23:19'),(301,'getAllUsers : Connected to SQL Server: Printing All Users.','2021-12-05 16:23:22'),(302,'\ngetAllCategories : Connected to SQL Server. Printing All Product Categories','2021-12-05 16:23:24'),(303,'getAllProducts : Connected to SQL Server: Printing All Products.','2021-12-05 16:23:27'),(304,'deleteUser : Connected to SQL Server: User 12 not found.','2021-12-05 16:23:43'),(305,'\ngetProduct : Connected to SQL Server: Product 9\'s Information.','2021-12-15 04:46:19'),(306,'ngetAlProductsWithinCategory : Connected to SQL Server: Category 5\'s Information.','2021-12-15 04:46:25'),(307,'\ngetProduct : Connected to SQL Server: Product 9\'s Information.','2021-12-15 04:46:37'),(308,'deleteProduct: Connected to SQL Server: Unable to delete product id 9.','2021-12-15 05:11:36'),(309,'\ngetProduct : Bad Request. Product 9 not found.','2021-12-15 05:11:58'),(310,'\ngetProduct : Connected to SQL Server: Product 23\'s Information.','2021-12-15 05:13:22'),(311,'deleteProduct: Connected to SQL Server: Unable to delete product id 23.','2021-12-15 05:13:31'),(312,'\ngetProduct : Bad Request. Product 23 not found.','2021-12-15 05:13:38'),(313,'\ngetProduct : Connected to SQL Server: Product 23\'s Information.','2021-12-15 05:14:39'),(314,'deleteProduct: Connected to SQL Server: Deleting Product 23','2021-12-15 05:14:43'),(315,'\naddProduct : Duplicate Entry. The new name provided already exists.\nError: ER_DUP_ENTRY: Duplicate entry \'Vapor 17X\' for key \'products.name_UNIQUE\'','2021-12-15 05:17:50'),(316,'\naddProduct : Connected to SQL Server: Added Product ID: 25','2021-12-15 05:17:57'),(317,'deleteProduct: Connected to SQL Server: Deleting Product 25','2021-12-15 05:18:01'),(318,'getAllProducts : Connected to SQL Server: Printing All Products.','2021-12-15 05:18:14'),(319,'\naddProduct : Connected to SQL Server: Added Product ID: 26','2021-12-15 05:21:51'),(320,'deleteProduct: Connected to SQL Server: Deleting Product 26','2021-12-15 05:21:57'),(321,'\ngetProduct : Bad Request. Product 23 not found.','2021-12-15 05:23:07'),(322,'\ngetProduct : Bad Request. Product 23 not found.','2021-12-15 05:23:35'),(323,'ngetAlProductsWithinCategory : Connected to SQL Server: Category 5\'s Information.','2021-12-15 05:23:44'),(324,'\ngetUser: Internal Server Error.\nError: ER_BAD_FIELD_ERROR: Unknown column \'id\' in \'where clause\'','2021-12-15 05:23:52'),(325,'\ngetUser: Internal Server Error.\nError: ER_BAD_FIELD_ERROR: Unknown column \'id\' in \'where clause\'','2021-12-15 05:24:11'),(326,'getUser: Connected to SQL Server: Printing User 1','2021-12-15 05:24:53'),(327,'\ndeleteUser : Internal Server Error.\nError: ER_BAD_FIELD_ERROR: Unknown column \'id\' in \'where clause\'','2021-12-15 05:26:53'),(328,'deleteUser : Connected to SQL Server: User 1 deleted.','2021-12-15 05:27:25'),(329,'getAllUsers : Connected to SQL Server: Printing All Users.','2021-12-15 05:27:25'),(330,'\naddUser : Duplicate Entry. The new username OR new email provided already exists.\nError: ER_DUP_ENTRY: Duplicate entry \'justinssssdadssqas\' for key \'userinfo.username_UNIQUE\'','2021-12-15 05:28:22'),(331,'deleteUser : Connected to SQL Server: User 1 not found.','2021-12-15 05:28:49'),(332,'getAllUsers : Connected to SQL Server: Printing All Users.','2021-12-15 05:28:59'),(333,'deleteUser : Connected to SQL Server: User 3 deleted.','2021-12-15 05:29:08'),(334,'getAllUsers : Connected to SQL Server: Printing All Users.','2021-12-15 05:29:08'),(335,'getAllUsers : Connected to SQL Server: Printing All Users.','2021-12-15 05:29:15'),(336,'addUser : Connected to SQL Server: Added User ID: undefined','2021-12-15 05:29:17'),(337,'addUser : Connected to SQL Server: Added User ID: 6','2021-12-15 05:30:11'),(338,'\naddUser : Bad Request. Input received mismatches required datatype.','2021-12-15 06:16:19'),(339,'\naddUser : Bad Request. Input received mismatches required datatype.','2021-12-15 06:16:57'),(340,'\naddReview : Connected to SQL Server: Added Product ID: 1','2021-12-15 06:18:01'),(341,'\naddReview : Connected to SQL Server: Added Product ID: 2','2021-12-15 06:18:31'),(342,'deleteTable : Connected to SQL Server: Truncating product_reviews','2021-12-15 06:19:26'),(343,'deleteTable : Connected to SQL Server: Truncating product_reviews','2021-12-15 06:20:56'),(344,'\naddReview : Connected to SQL Server: Added Product ID: 1','2021-12-15 06:25:16'),(345,'deleteTable : Connected to SQL Server: Truncating product_reviews','2021-12-15 06:25:21'),(346,'\naddReview : Connected to SQL Server: Added Product ID: 1','2021-12-15 06:33:56'),(347,'\naddReview : Connected to SQL Server: Added Product ID: 1','2021-12-15 06:33:56'),(348,'\naddReview : Connected to SQL Server: Added Product ID: 1','2021-12-15 06:33:57'),(349,'\naddReview : Connected to SQL Server: Added Product ID: 1','2021-12-15 06:34:19'),(350,'\naddReview : Connected to SQL Server: Added Product ID: 1','2021-12-15 06:34:20'),(351,'\naddReview : Connected to SQL Server: Added Product ID: 1','2021-12-15 06:34:21'),(352,'\naddReview : Connected to SQL Server: Added Product ID: 7','2021-12-15 06:34:43'),(353,'\naddReview : Connected to SQL Server: Added Product ID: 7','2021-12-15 06:39:08'),(354,'\naddReview : Connected to SQL Server: Added Product ID: 9','2021-12-15 06:39:12'),(355,'deleteTable : Connected to SQL Server: Truncating userinfo_product_categories_junction','2021-12-18 13:34:15'),(356,'deleteTable : Connected to SQL Server: Truncating userinfo_product_categories_junction','2021-12-18 13:35:34'),(357,'deleteTable : Connected to SQL Server: Truncating userinfo_product_categories_junction','2021-12-18 13:36:11'),(358,'deleteTable : Connected to SQL Server: Truncating userinfo_product_categories_junction','2021-12-18 13:37:23'),(359,'deleteTable : Connected to SQL Server: Truncating userinfo_product_categories_junction','2021-12-18 13:38:02'),(360,'deleteTable : Connected to SQL Server: Truncating userinfo_product_categories_junction','2021-12-18 13:38:16'),(361,'deleteTable : Connected to SQL Server: Truncating userinfo_product_categories_junction','2021-12-18 13:39:32'),(362,'deleteTable : Connected to SQL Server: Truncating userinfo_product_categories_junction','2021-12-18 13:39:50'),(363,'deleteTable : Connected to SQL Server: Truncating userinfo_product_categories_junction','2021-12-18 13:41:49'),(364,'deleteTable : Connected to SQL Server: Truncating userinfo_product_categories_junction','2021-12-18 13:44:49'),(365,'deleteTable : Connected to SQL Server: Truncating userinfo_product_categories_junction','2021-12-18 13:45:19'),(366,'deleteTable : Connected to SQL Server: Truncating product_reviews','2021-12-18 14:07:52'),(367,'\ndeleteTable : Internal Server Error.\nError: ER_TRUNCATE_ILLEGAL_FK: Cannot truncate a table referenced in a foreign key constraint (`bed_assignment1`.`userinfo_product_categories_junction`, CONSTRAINT `FK_user`)','2021-12-18 14:07:57'),(368,'deleteTable : Connected to SQL Server: Truncating product_reviews','2021-12-18 14:08:16'),(369,'deleteTable : Connected to SQL Server: Truncating product_reviews','2021-12-18 14:09:22'),(370,'\ndeleteTable : Internal Server Error.\nError: ER_TRUNCATE_ILLEGAL_FK: Cannot truncate a table referenced in a foreign key constraint (`bed_assignment1`.`product_reviews`, CONSTRAINT `FK_userid`)','2021-12-18 14:09:25'),(371,'deleteTable : Connected to SQL Server: Truncating userinfo','2021-12-18 14:11:29'),(372,'getAllUsers : Connected to SQL Server: Printing All Users.','2021-12-18 14:11:29'),(373,'\ngetAlProductsWithinCategory : Bad Request. Input received mismatches required datatype.','2021-12-18 14:15:07'),(374,'getAllProducts : Connected to SQL Server: Printing All Products.','2021-12-18 14:16:40'),(375,'\ngetAlProductsWithinCategory : Bad Request. Input received mismatches required datatype.','2021-12-18 14:17:18'),(376,'\ngetAlProductsWithinCategory : Bad Request. Input received mismatches required datatype.','2021-12-18 14:17:24'),(377,'\ngetAlProductsWithinCategory : Bad Request. Input received mismatches required datatype.','2021-12-18 14:17:47'),(378,'\ngetAllProductsWithinCategory : Bad Request. Input received mismatches required datatype.','2021-12-18 14:18:02'),(379,'\ngetProduct : Bad Request. Input received mismatches required datatype.','2021-12-18 14:19:14'),(380,'\naddProduct : Connected to SQL Server: Added Product ID: 28','2021-12-18 15:30:14'),(381,'\naddProduct : Internal Server Error\nError: ER_PARSE_ERROR: You have an error in your SQL syntax; check the manual that corresponds to your MySQL server version for the right syntax to use near \'?)\' at line 1','2021-12-18 15:31:49'),(382,'\naddProduct : Internal Server Error\nError: ER_WRONG_VALUE_COUNT_ON_ROW: Column count doesn\'t match value count at row 1','2021-12-18 15:32:15'),(383,'\naddProduct : Internal Server Error\nError: ER_WRONG_VALUE_COUNT_ON_ROW: Column count doesn\'t match value count at row 1','2021-12-18 15:32:49'),(384,'\naddProduct : Internal Server Error\nError: ER_WRONG_VALUE_COUNT_ON_ROW: Column count doesn\'t match value count at row 1','2021-12-18 15:37:29'),(385,'\naddProduct : Internal Server Error\nError: ER_WRONG_VALUE_COUNT_ON_ROW: Column count doesn\'t match value count at row 1','2021-12-18 15:48:36'),(386,'\naddProduct : Internal Server Error\nError: ER_WRONG_VALUE_COUNT_ON_ROW: Column count doesn\'t match value count at row 1','2021-12-18 15:49:08'),(387,'\naddProduct : Internal Server Error\nError: ER_WRONG_VALUE_COUNT_ON_ROW: Column count doesn\'t match value count at row 1','2021-12-18 15:50:58'),(388,'\naddProduct : Internal Servesr Error\nError: ER_WRONG_VALUE_COUNT_ON_ROW: Column count doesn\'t match value count at row 1','2021-12-18 15:51:10'),(389,'\naddProduct : Connected to SQL Server: Added Product ID: 29','2021-12-18 15:51:51'),(390,'\naddProduct : Internal Server Error\nError: ER_DATA_TOO_LONG: Data too long for column \'product_image\' at row 1','2021-12-18 16:02:46'),(391,'\naddProduct : Internal Server Error\nError: ER_DATA_TOO_LONG: Data too long for column \'product_image\' at row 1','2021-12-18 16:03:23'),(392,'\naddProduct : Connected to SQL Server: Added Product ID: 30','2021-12-18 16:05:28'),(393,'\naddProduct : Connected to SQL Server: Added Product ID: 31','2021-12-18 16:09:12'),(394,'\naddProduct : Duplicate Entry. The new name provided already exists.\nError: ER_DUP_ENTRY: Duplicate entry \'Vapor 17Xaqs\' for key \'products.name_UNIQUE\'','2021-12-18 16:09:54'),(395,'\naddProduct : Connected to SQL Server: Added Product ID: 33','2021-12-18 16:10:31'),(396,'\naddProduct : Duplicate Entry. The new name provided already exists.\nError: ER_DUP_ENTRY: Duplicate entry \'Vapor 17Xaqss\' for key \'products.name_UNIQUE\'','2021-12-18 16:10:50'),(397,'\naddProduct : Connected to SQL Server: Added Product ID: 35','2021-12-18 16:11:24'),(398,'\naddProduct : Connected to SQL Server: Added Product ID: 36','2021-12-18 16:12:19'),(399,'\naddProduct : Connected to SQL Server: Added Product ID: 37','2021-12-18 16:13:10'),(400,'\naddProduct : Duplicate Entry. The new name provided already exists.\nError: ER_DUP_ENTRY: Duplicate entry \'Vapor 17Xaqsssss\' for key \'products.name_UNIQUE\'','2021-12-18 16:15:21'),(401,'\naddProduct : Duplicate Entry. The new name provided already exists.\nError: ER_DUP_ENTRY: Duplicate entry \'Vapor 17Xaqsssss\' for key \'products.name_UNIQUE\'','2021-12-18 16:16:10'),(402,'\naddProduct : Duplicate Entry. The new name provided already exists.\nError: ER_DUP_ENTRY: Duplicate entry \'Vapor 17Xaqsssss\' for key \'products.name_UNIQUE\'','2021-12-18 16:16:34'),(403,'\ngetProduct : Bad Request. Product 23 not found.','2021-12-18 16:18:42'),(404,'\ngetProduct : Connected to SQL Server: Product 27\'s Information.','2021-12-18 16:18:51'),(405,'\ngetProduct : Connected to SQL Server: Product 31\'s Information.','2021-12-18 16:19:01'),(406,'\ngetProduct : Connected to SQL Server: Product 31\'s Information.','2021-12-18 16:22:34'),(407,'\ngetProduct : Connected to SQL Server: Product 31\'s Information.','2021-12-18 16:24:47'),(408,'\ngetProduct : Connected to SQL Server: Product 31\'s Information.','2021-12-18 16:25:11'),(409,'\ngetProduct : Connected to SQL Server: Product 31\'s Information.','2021-12-18 16:25:20'),(410,'\ngetProduct : Connected to SQL Server: Product 31\'s Information.','2021-12-18 16:25:32'),(411,'\ngetProduct : Connected to SQL Server: Product 31\'s Information.','2021-12-18 16:25:54'),(412,'\ngetProduct : Connected to SQL Server: Product 31\'s Information.','2021-12-18 16:27:53'),(413,'\ngetProduct : Connected to SQL Server: Product 31\'s Information.','2021-12-18 16:28:37'),(414,'\naddProduct : Connected to SQL Server: Added Product ID: 41','2021-12-18 16:34:23'),(415,'\naddProduct : Connected to SQL Server: Added Product ID: 42','2021-12-18 16:35:50'),(416,'\ngetProduct : Connected to SQL Server: Product 42\'s Information.','2021-12-18 16:36:02'),(417,'\ngetProduct : Internal Server Error.\nError: ER_BAD_FIELD_ERROR: Unknown column \'products.product.product_image_name\' in \'field list\'','2021-12-18 16:37:48'),(418,'\ngetProduct : Internal Server Error.\nError: ER_BAD_FIELD_ERROR: Unknown column \'products.products.product_image_name\' in \'field list\'','2021-12-18 16:37:54'),(419,'\ngetProduct : Connected to SQL Server: Product 42\'s Information.','2021-12-18 16:38:06'),(420,'\ngetProduct : Connected to SQL Server: Product 42\'s Information.','2021-12-18 16:40:54'),(421,'\ngetProduct : Connected to SQL Server: Product 42\'s Information.','2021-12-18 16:41:25'),(422,'\ngetProduct : Connected to SQL Server: Product 42\'s Information.','2021-12-18 16:41:29'),(423,'\ngetProduct : Connected to SQL Server: Product 42\'s Information.','2021-12-18 16:43:55'),(424,'\ngetProduct : Connected to SQL Server: Product 42\'s Information.','2021-12-18 16:46:33'),(425,'\ngetProduct : Connected to SQL Server: Product 42\'s Information.','2021-12-18 16:47:17'),(426,'\naddProduct : Connected to SQL Server: Added Product ID: 43','2021-12-18 16:49:51'),(427,'\ngetProduct : Connected to SQL Server: Product 43\'s Information.','2021-12-18 16:51:02'),(428,'\ngetProduct : Connected to SQL Server: Product 43\'s Information.','2021-12-18 16:52:53'),(429,'\ngetProduct : Connected to SQL Server: Product 43\'s Information.','2021-12-18 16:53:10'),(430,'\ngetProduct : Connected to SQL Server: Product 43\'s Information.','2021-12-18 16:53:22'),(431,'\naddProduct : Connected to SQL Server: Added Product ID: 44','2021-12-18 16:56:06'),(432,'\naddProduct : Connected to SQL Server: Added Product ID: 45','2021-12-18 17:10:48'),(433,'\naddProduct : Duplicate Entry. The new name provided already exists.\nError: ER_DUP_ENTRY: Duplicate entry \'Vapor 17xqwss\' for key \'products.name_UNIQUE\'','2021-12-18 17:12:19'),(434,'\naddProduct : Connected to SQL Server: Added Product ID: 47','2021-12-18 17:12:21'),(435,'\naddProduct : Duplicate Entry. The new name provided already exists.\nError: ER_DUP_ENTRY: Duplicate entry \'Vapor 17xqwsss\' for key \'products.name_UNIQUE\'','2021-12-18 17:22:06'),(436,'\ngetProduct : Connected to SQL Server: Product 44\'s Information.','2021-12-18 17:26:54'),(437,'\ngetProduct : Connected to SQL Server: Product 44\'s Information.','2021-12-18 17:27:35'),(438,'\ngetProduct : Connected to SQL Server: Product 44\'s Information.','2021-12-18 17:29:37'),(439,'\ngetProduct : Connected to SQL Server: Product 44\'s Information.','2021-12-18 17:30:01'),(440,'\ngetProduct : Connected to SQL Server: Product 44\'s Information.','2021-12-18 17:30:14'),(441,'\ngetProduct : Connected to SQL Server: Product 44\'s Information.','2021-12-18 17:30:23'),(442,'\ngetProduct : Connected to SQL Server: Product 44\'s Information.','2021-12-18 17:30:24'),(443,'\ngetProduct : Connected to SQL Server: Product 44\'s Information.','2021-12-18 17:31:07'),(444,'\ngetProduct : Connected to SQL Server: Product 44\'s Information.','2021-12-18 17:31:40'),(445,'\ngetProduct : Connected to SQL Server: Product 44\'s Information.','2021-12-18 17:32:00'),(446,'\ngetProduct : Connected to SQL Server: Product 44\'s Information.','2021-12-18 17:32:10'),(447,'\ngetProduct : Connected to SQL Server: Product 44\'s Information.','2021-12-18 17:32:24'),(448,'\ngetProduct : Connected to SQL Server: Product 44\'s Information.','2021-12-18 17:32:40'),(449,'\ngetProduct : Connected to SQL Server: Product 44\'s Information.','2021-12-18 17:34:00'),(450,'\ngetProduct : Connected to SQL Server: Product 44\'s Information.','2021-12-18 17:35:14'),(451,'addUser : Connected to SQL Server: Added User ID: 1','2021-12-19 04:47:36'),(452,'addUser : Connected to SQL Server: Added User ID: 2','2021-12-19 04:52:50'),(453,'addUser : Connected to SQL Server: Added User ID: 3','2021-12-19 04:54:28'),(454,'addUser : Connected to SQL Server: Added User ID: 4','2021-12-19 04:55:03'),(455,'addUser : Connected to SQL Server: Added User ID: 5','2021-12-19 04:55:52'),(456,'addUser : Connected to SQL Server: Added User ID: 6','2021-12-19 15:28:23'),(457,'addUser : Connected to SQL Server: Added User ID: 7','2021-12-19 15:29:31'),(458,'addUser : Connected to SQL Server: Added User ID: 8','2021-12-19 15:30:14'),(459,'addUser : Connected to SQL Server: Added User ID: 9','2021-12-19 15:31:44'),(460,'addUser : Connected to SQL Server: Added User ID: 10','2021-12-19 15:32:11'),(461,'addUser : Connected to SQL Server: Added User ID: 11','2021-12-19 15:32:49'),(462,'addUser : Connected to SQL Server: Added User ID: 12','2021-12-19 15:44:54'),(463,'\naddProduct : Duplicate Entry. The new name provided already exists.\nError: ER_DUP_ENTRY: Duplicate entry \'Vapor 17xqwsss\' for key \'products.name_UNIQUE\'','2021-12-28 10:24:44'),(464,'\naddProduct : Connected to SQL Server: Added Product ID: 50','2021-12-28 10:25:52'),(465,'\naddProduct : Internal Server Error\nError: ER_PARSE_ERROR: You have an error in your SQL syntax; check the manual that corresponds to your MySQL server version for the right syntax to use near \'?)\' at line 1','2021-12-28 10:27:32'),(466,'\naddProduct : Internal Server Error\nError: ER_PARSE_ERROR: You have an error in your SQL syntax; check the manual that corresponds to your MySQL server version for the right syntax to use near \'?)\' at line 1','2021-12-28 10:27:56'),(467,'\naddProduct : Connected to SQL Server: Added Product ID: 51','2021-12-28 10:28:04'),(468,'\naddProduct : Connected to SQL Server: Added Product ID: 52','2021-12-28 10:29:55'),(469,'\ngetProduct : Internal Server Error.\nError: ER_BAD_FIELD_ERROR: Unknown column \'products.product_image\' in \'field list\'','2021-12-28 10:47:28'),(470,'\ngetProduct : Internal Server Error.\nError: ER_BAD_FIELD_ERROR: Unknown column \'product_image\' in \'field list\'','2021-12-28 10:48:05'),(471,'\ngetProduct : Connected to SQL Server: Product 52\'s Information.','2021-12-28 10:51:10'),(472,'\ngetProduct : Connected to SQL Server: Product 52\'s Information.','2021-12-28 10:52:28'),(473,'\ngetProduct : Connected to SQL Server: Product 52\'s Information.','2021-12-28 10:54:08'),(474,'\ngetProduct : Connected to SQL Server: Product 52\'s Information.','2021-12-28 11:11:27'),(475,'\ngetProduct : Connected to SQL Server: Product 52\'s Information.','2021-12-28 11:11:43'),(476,'\ngetProduct : Connected to SQL Server: Product 52\'s Information.','2021-12-28 11:11:55'),(477,'\ngetProduct : Connected to SQL Server: Product 52\'s Information.','2021-12-28 11:12:15'),(478,'\ngetProduct : Connected to SQL Server: Product 52\'s Information.','2021-12-28 11:12:47'),(479,'\ngetProduct : Connected to SQL Server: Product 52\'s Information.','2021-12-28 11:12:56'),(480,'\ngetProduct : Connected to SQL Server: Product 52\'s Information.','2021-12-28 11:13:32'),(481,'\ngetProduct : Connected to SQL Server: Product 52\'s Information.','2021-12-28 11:16:30'),(482,'\ngetProduct : Connected to SQL Server: Product 52\'s Information.','2021-12-28 11:17:15'),(483,'\naddProduct : Connected to SQL Server: Added Product ID: 53','2021-12-28 11:18:55'),(484,'\ngetProduct : Connected to SQL Server: Product 53\'s Information.','2021-12-28 11:19:00'),(485,'\ngetProduct : Connected to SQL Server: Product 53\'s Information.','2021-12-28 11:20:35'),(486,'\ngetProduct : Connected to SQL Server: Product 53\'s Information.','2021-12-28 11:20:42'),(487,'\ngetProduct : Connected to SQL Server: Product 53\'s Information.','2021-12-28 11:23:15'),(488,'\ngetProduct : Connected to SQL Server: Product 53\'s Information.','2021-12-28 11:25:47'),(489,'\ngetProduct : Connected to SQL Server: Product 53\'s Information.','2021-12-28 11:27:06'),(490,'\ngetProduct : Connected to SQL Server: Product 53\'s Information.','2021-12-28 11:27:55'),(491,'\ngetProduct : Connected to SQL Server: Product 53\'s Information.','2021-12-28 11:29:50'),(492,'\ngetProduct : Connected to SQL Server: Product 53\'s Information.','2021-12-28 11:31:42'),(493,'\ngetProduct : Connected to SQL Server: Product 53\'s Information.','2021-12-28 11:32:51'),(494,'\ngetProduct : Connected to SQL Server: Product 53\'s Information.','2021-12-28 11:33:49'),(495,'\ngetProduct : Connected to SQL Server: Product 53\'s Information.','2021-12-28 11:33:58'),(496,'\ngetProduct : Connected to SQL Server: Product 53\'s Information.','2021-12-28 11:34:39'),(497,'\ngetProduct : Connected to SQL Server: Product 53\'s Information.','2021-12-28 11:34:49'),(498,'\ngetProduct : Connected to SQL Server: Product 53\'s Information.','2021-12-28 11:34:58'),(499,'\ngetProduct : Connected to SQL Server: Product 53\'s Information.','2021-12-28 11:36:09'),(500,'\ngetProduct : Connected to SQL Server: Product 52\'s Information.','2021-12-28 11:36:56'),(501,'\ngetProduct : Connected to SQL Server: Product 52\'s Information.','2021-12-28 11:39:58'),(502,'\ngetProduct : Connected to SQL Server: Product 52\'s Information.','2021-12-28 11:44:00'),(503,'\ngetProduct : Connected to SQL Server: Product 52\'s Information.','2021-12-28 11:45:13'),(504,'\ngetProduct : Connected to SQL Server: Product 52\'s Information.','2021-12-28 11:53:14'),(505,'\ngetProduct : Connected to SQL Server: Product 52\'s Information.','2021-12-28 11:57:20'),(506,'\ngetProduct : Connected to SQL Server: Product 52\'s Information.','2021-12-28 12:00:13'),(507,'getAllUsers : Connected to SQL Server: Printing All Users.','2021-12-28 12:06:47'),(508,'\ngetProduct : Connected to SQL Server: Product 52\'s Information.','2021-12-28 12:17:23'),(509,'\ngetProduct : Connected to SQL Server: Product 52\'s Information.','2021-12-28 12:19:19'),(510,'\ngetProduct : Connected to SQL Server: Product 53\'s Information.','2021-12-28 12:20:50'),(511,'\ngetProduct : Connected to SQL Server: Product 53\'s Information.','2021-12-28 12:29:07'),(512,'\ngetProduct : Connected to SQL Server: Product 53\'s Information.','2021-12-28 12:29:43'),(513,'\naddProduct : Connected to SQL Server: Added Product ID: 54','2021-12-28 12:37:53'),(514,'\ngetProduct : Connected to SQL Server: Product 1\'s Information.','2021-12-28 12:58:11'),(515,'\ngetProduct : Connected to SQL Server: Product 2\'s Information.','2021-12-28 12:58:25'),(516,'\ngetProduct : Connected to SQL Server: Product 3\'s Information.','2021-12-28 12:58:42'),(517,'\ngetProduct : Connected to SQL Server: Product 10\'s Information.','2021-12-28 12:59:02'),(518,'addUser : Connected to SQL Server: Added User ID: 13','2021-12-28 13:55:55'),(519,'getUser: Connected to SQL Server: User 1 not found.','2021-12-28 13:57:02'),(520,'getAllUsers : Connected to SQL Server: Printing All Users.','2021-12-28 13:57:09'),(521,'getUser: Connected to SQL Server: Printing User 2','2021-12-28 13:57:14'),(522,'\neditUser : Internal Server Error\nError: ER_BAD_FIELD_ERROR: Unknown column \'id\' in \'where clause\'','2021-12-28 14:06:58'),(523,'\ngetAllCategories : Connected to SQL Server. Printing All Product Categories','2021-12-28 14:08:36'),(524,'\naddCategory : Bad Request. Input received mismatches required datatype.','2021-12-28 14:10:19'),(525,'\naddCategory : Bad Request. Input received mismatches required datatype.','2021-12-28 14:11:01'),(526,'addCategory : Product Category Added.','2021-12-28 14:11:19'),(527,'\naddProduct : Connected to SQL Server: Added Product ID: 55','2021-12-28 14:13:37'),(528,'getAllProducts : Connected to SQL Server: Printing All Products.','2021-12-28 14:18:47'),(529,'deleteProduct: Connected to SQL Server: Deleting Product 55','2021-12-28 14:18:56'),(530,'\naddReview : Bad Request. Input received does not match required datatype.','2021-12-28 14:29:46'),(531,'\naddReview : Bad Request. Input received does not match required datatype.','2021-12-28 14:33:45'),(532,'\naddReview : Bad Request. Input received does not match required datatype.','2021-12-28 14:35:36'),(533,'getAllReviews: Connected to SQL Server: Review 3 not found.','2021-12-28 14:36:35'),(534,'getAllReviews: Connected to SQL Server: Review 12 not found.','2021-12-28 14:36:42'),(535,'getAllReviews: Connected to SQL Server: Printing Review 1','2021-12-28 14:37:58'),(536,'\naddReview : Bad Request. Input received does not match required datatype.','2021-12-28 14:39:29'),(537,'getAllUsers : Connected to SQL Server: Printing All Users.','2021-12-28 14:39:46'),(538,'\naddReview : Bad Request. Input received does not match required datatype.','2021-12-28 14:40:28'),(539,'\naddReview : Bad Request. Input received does not match required datatype.','2021-12-28 14:40:55'),(540,'\naddReview : Bad Request. Input received does not match required datatype.','2021-12-28 14:40:55'),(541,'\naddReview : Bad Request. Input received does not match required datatype.','2021-12-28 14:41:45'),(542,'\naddReview : Connected to SQL Server: Added Product ID: 3','2021-12-28 14:43:15'),(543,'getAllReviews: Connected to SQL Server: Printing Review 1','2021-12-28 14:45:21'),(544,'getAllReviews: Connected to SQL Server: Review 2 not found.','2021-12-28 14:45:42'),(545,'getAllReviews: Connected to SQL Server: Product 1 not found.','2021-12-28 14:47:28'),(546,'getAllReviews: Connected to SQL Server: Product 1 not found.','2021-12-28 14:48:05'),(547,'getAllReviews: Connected to SQL Server: Printing Review for Product1','2021-12-28 14:48:24'),(548,'getAllReviews: Connected to SQL Server: Product 1 not found.','2021-12-28 14:49:36'),(549,'\ngetSpecificReview: Connected to SQL Server: Product 1 not found.','2021-12-28 14:51:41'),(550,'\ngetSpecificReview: Connected to SQL Server: Printing Review for Product 2','2021-12-28 14:54:59'),(551,'\ngetSpecificReview: Connected to SQL Server: Printing Review for Product 2','2021-12-28 14:55:18'),(552,'deleteTable : Connected to SQL Server: Truncating product_reviews','2021-12-28 15:09:48'),(553,'\ngetAllReviews: Connected to SQL Server: Printing Table','2021-12-28 15:09:48'),(554,'deleteUser : Connected to SQL Server: User 2 deleted.','2021-12-28 15:12:47'),(555,'getAllUsers : Connected to SQL Server: Printing All Users.','2021-12-28 15:12:47'),(556,'ngetAllProductsWithinCategory : Connected to SQL Server: Category 5\'s Information.','2021-12-28 15:45:40'),(557,'\ngetAllReviews: Connected to SQL Server: Printing Table','2021-12-28 15:55:11');
/*!40000 ALTER TABLE `console_logs` ENABLE KEYS */;
UNLOCK TABLES;

--
-- Table structure for table `product_categories`
--

DROP TABLE IF EXISTS `product_categories`;
/*!40101 SET @saved_cs_client     = @@character_set_client */;
/*!50503 SET character_set_client = utf8mb4 */;
CREATE TABLE `product_categories` (
  `category_id` int NOT NULL AUTO_INCREMENT,
  `category` varchar(45) NOT NULL,
  `description` varchar(255) NOT NULL,
  PRIMARY KEY (`category_id`),
  UNIQUE KEY `categoryid_UNIQUE` (`category_id`),
  UNIQUE KEY `category_UNIQUE` (`category`)
) ENGINE=InnoDB AUTO_INCREMENT=7 DEFAULT CHARSET=utf8mb4 COLLATE=utf8mb4_0900_ai_ci;
/*!40101 SET character_set_client = @saved_cs_client */;

--
-- Dumping data for table `product_categories`
--

LOCK TABLES `product_categories` WRITE;
/*!40000 ALTER TABLE `product_categories` DISABLE KEYS */;
INSERT INTO `product_categories` VALUES (1,'Laptops','Portable work and media devices at an affordable price at SP IT!'),(2,'Desktops','Powerful and capable workstations eqipped for the best of the best,  available at SP IT!'),(3,'Phones','Mobile and capable multi-media devices for on-the-go productivty, available at SP IT!'),(4,'Consoles','An enjoyable gaming experience to unwind with after a tiring day, only at SP IT!'),(5,'Headphones','Enjoy high fidelity audio with the wide array of headphones only available at SPI IT!'),(6,'6','Test Category');
/*!40000 ALTER TABLE `product_categories` ENABLE KEYS */;
UNLOCK TABLES;

--
-- Table structure for table `product_reviews`
--

DROP TABLE IF EXISTS `product_reviews`;
/*!40101 SET @saved_cs_client     = @@character_set_client */;
/*!50503 SET character_set_client = utf8mb4 */;
CREATE TABLE `product_reviews` (
  `reviewid` int NOT NULL AUTO_INCREMENT,
  `userid` int NOT NULL,
  `product_id` int NOT NULL,
  `rating` int NOT NULL,
  `review` varchar(255) NOT NULL,
  `created_at` timestamp NOT NULL DEFAULT CURRENT_TIMESTAMP ON UPDATE CURRENT_TIMESTAMP,
  PRIMARY KEY (`reviewid`,`userid`,`product_id`),
  UNIQUE KEY `reviewid_UNIQUE` (`reviewid`),
  KEY `FK_user_idx` (`userid`),
  CONSTRAINT `FK_userid` FOREIGN KEY (`userid`) REFERENCES `userinfo` (`userid`) ON DELETE CASCADE ON UPDATE CASCADE
) ENGINE=InnoDB AUTO_INCREMENT=3 DEFAULT CHARSET=utf8mb4 COLLATE=utf8mb4_0900_ai_ci;
/*!40101 SET character_set_client = @saved_cs_client */;

--
-- Dumping data for table `product_reviews`
--

LOCK TABLES `product_reviews` WRITE;
/*!40000 ALTER TABLE `product_reviews` DISABLE KEYS */;
INSERT INTO `product_reviews` VALUES (2,7,1,3,'Meh','2021-12-28 15:10:57');
/*!40000 ALTER TABLE `product_reviews` ENABLE KEYS */;
UNLOCK TABLES;

--
-- Table structure for table `products`
--

DROP TABLE IF EXISTS `products`;
/*!40101 SET @saved_cs_client     = @@character_set_client */;
/*!50503 SET character_set_client = utf8mb4 */;
CREATE TABLE `products` (
  `product_id` int NOT NULL AUTO_INCREMENT,
  `category_id` int NOT NULL,
  `name` varchar(255) NOT NULL,
  `description` varchar(255) NOT NULL,
  `brand` varchar(255) NOT NULL,
  `price` decimal(9,2) NOT NULL DEFAULT '0.00',
  `product_image_src` varchar(255) DEFAULT NULL,
  PRIMARY KEY (`product_id`,`category_id`),
  UNIQUE KEY `product_id_UNIQUE` (`product_id`),
  UNIQUE KEY `name_UNIQUE` (`name`)
) ENGINE=InnoDB AUTO_INCREMENT=56 DEFAULT CHARSET=utf8mb4 COLLATE=utf8mb4_0900_ai_ci;
/*!40101 SET character_set_client = @saved_cs_client */;

--
-- Dumping data for table `products`
--

LOCK TABLES `products` WRITE;
/*!40000 ALTER TABLE `products` DISABLE KEYS */;
INSERT INTO `products` VALUES (1,1,'Vapor 15X','Take extreme performance with you wherever you go with ease, with the Vapor 15X.','Aftershock',2380.35,'Vapor 15X.png'),(2,1,'Vapor 17X','Take extreme performance with you wherever you go with ease, with the Vapor 17X.','Aftershock',2760.35,'Vapor 17X.png'),(3,1,'Vivobook','Take extreme performance with you wherever you go with ease, with the Vivobook.','Asus',1549.25,'Vivobook.jpg'),(4,1,'Forge 15X','Take extreme performance with you wherever you go with ease, with the Forge 15X.','Aftershock',1420.50,'Forge 15X.png'),(5,2,'Rapid','Enjoy the latest in PC technology to power through your professional applications with the Rapid.','Aftershock',1225.60,'Rapid.png'),(6,2,'Zeal','Enjoy the latest in PC technology to power through your professional applications with the Zeal.','Aftershock',1310.85,'Zeal.png'),(7,2,'Hypergate','Enjoy the latest in PC technology to power through your professional applications with the Hypergate.','Aftershock',1354.10,'Hypergate.png'),(8,2,'Flow','Enjoy the latest in PC technology to power through your professional applications with the Flow.','Aftershock',1560.20,'Flow.png'),(10,3,'S21','Galaxy S21, the phone that changes everything for your business.','Samsung',1310.20,'S21.jpg'),(11,3,'S20','Galaxy S20, the phone that changes everything for your business.','Samsung',1201.50,'S20.jpg'),(12,3,'S10','Galaxy S10, the phone that changes everything for your business.','Samsung',940.50,'S10.jpg'),(13,3,'Note 20','Galaxy Note 20, the phone that changes everything for your business.','Samsung',1120.10,'Note 20.jpg'),(14,4,'PS4','An all-powerful, one-of-a-kind console to fit all your gaming needs, anywhere, anytime, with the PS4.','Sony',576.40,'PS4.png'),(15,4,'PS5','An all-powerful, one-of-a-kind console to fit all your gaming needs, anywhere, anytime, with the PS5','Sony',1214.90,'PS5.jpg'),(16,4,'Series X','An all-pwerful, one-of-a-kind console to fit all your gaming needs, anywhere, anytime, with the Series X.','Xbox',1112.70,'Series X.jpg'),(17,4,'One S','An all-powerful, one-of-a-kind console to fit all your gaming needs, anywhere, anytime, with the One S.','Xbox',635.60,'One S.jpg'),(18,4,'Apple TV','An all-powerful, one-of-a-kind console to fit all your gaming needs, anywhere, anytime, with the Apple TV.','Apple',234.90,'Apple TV.jpg'),(19,5,'WH-1000XM4','Sonys intelligent industry-leading noise canceling headphones with premium sound elevate your listening experience, with the WH-1000XM4.','Sony',349.20,'WH-1000XM4.jpg'),(20,5,'WF-1000XM4','Sonys intelligent industry-leading noise canceling headphones with premium sound elevate your listening experience with the WF-1000XM4.','Sony',349.00,'WF-1000XM4.jpg'),(21,5,'AirPods Pro','Apple\'s AirPods Pro with active noise cancellation continuously blocks out the world so you can focus on what youre listening to.','Apple',379.00,'AirPods Pro.png'),(22,5,'Elite 85t','Noise cancellation, big sound, compact design. Accept no compromise with Jabra\'s Elite 85t','Jabra',248.00,'Elite85bt.png');
/*!40000 ALTER TABLE `products` ENABLE KEYS */;
UNLOCK TABLES;

--
-- Table structure for table `userinfo`
--

DROP TABLE IF EXISTS `userinfo`;
/*!40101 SET @saved_cs_client     = @@character_set_client */;
/*!50503 SET character_set_client = utf8mb4 */;
CREATE TABLE `userinfo` (
  `userid` int NOT NULL AUTO_INCREMENT,
  `username` varchar(255) NOT NULL,
  `contact` int NOT NULL,
  `password` varchar(45) NOT NULL,
  `type` varchar(45) NOT NULL,
  `profile_pic_url` varchar(255) NOT NULL,
  `created_at` timestamp NOT NULL DEFAULT CURRENT_TIMESTAMP ON UPDATE CURRENT_TIMESTAMP,
  PRIMARY KEY (`userid`),
  UNIQUE KEY `username_UNIQUE` (`username`),
  UNIQUE KEY `profile_pic_url_UNIQUE` (`profile_pic_url`)
) ENGINE=InnoDB AUTO_INCREMENT=14 DEFAULT CHARSET=utf8mb4 COLLATE=utf8mb4_0900_ai_ci;
/*!40101 SET character_set_client = @saved_cs_client */;

--
-- Dumping data for table `userinfo`
--

LOCK TABLES `userinfo` WRITE;
/*!40000 ALTER TABLE `userinfo` DISABLE KEYS */;
INSERT INTO `userinfo` VALUES (7,'David',81234567,'b3636671730b9e650e3b8d9444110d31','customer','davidurl@website.com','2021-12-19 15:29:31'),(8,'Jayven',81234512,'1eb28585c4bf8650fec9a9805512f9b4','customer','jayurl@website.com','2021-12-19 15:30:14'),(9,'Adam',81234545,'e051858adafe388133a80b63009722e4','customer','adamurl@website.com','2021-12-19 15:31:44'),(10,'Chloe',81233579,'d4ab8208ebd442d6ca868ffdccdee241','customer','chloeurl@website.com','2021-12-19 15:32:11'),(11,'Margaret',81233849,'5281c27f2685d13908424b8fe3fc1ba8','admin','margareturl@website.com','2021-12-19 15:32:49'),(12,'Kai Xin',93482341,'44b5c0fec739c5316adca2e8633cc6e6','admin','kaixinurl@website.com','2021-12-19 15:44:54'),(13,'Jonas',93482532,'9c5ddd54107734f7d18335a5245c286b','admin','joansurl@website.com','2021-12-28 13:55:55');
/*!40000 ALTER TABLE `userinfo` ENABLE KEYS */;
UNLOCK TABLES;

--
-- Table structure for table `userinfo_product_categories_junction`
--

DROP TABLE IF EXISTS `userinfo_product_categories_junction`;
/*!40101 SET @saved_cs_client     = @@character_set_client */;
/*!50503 SET character_set_client = utf8mb4 */;
CREATE TABLE `userinfo_product_categories_junction` (
  `user_id` int NOT NULL,
  `category_id` int NOT NULL,
  PRIMARY KEY (`user_id`,`category_id`),
  KEY `FK_category` (`category_id`),
  CONSTRAINT `FK_category` FOREIGN KEY (`category_id`) REFERENCES `product_categories` (`category_id`) ON DELETE CASCADE ON UPDATE CASCADE,
  CONSTRAINT `FK_user` FOREIGN KEY (`user_id`) REFERENCES `userinfo` (`userid`) ON DELETE CASCADE ON UPDATE CASCADE
) ENGINE=InnoDB DEFAULT CHARSET=utf8mb4 COLLATE=utf8mb4_0900_ai_ci;
/*!40101 SET character_set_client = @saved_cs_client */;

--
-- Dumping data for table `userinfo_product_categories_junction`
--

LOCK TABLES `userinfo_product_categories_junction` WRITE;
/*!40000 ALTER TABLE `userinfo_product_categories_junction` DISABLE KEYS */;
INSERT INTO `userinfo_product_categories_junction` VALUES (7,1),(7,4),(7,5);
/*!40000 ALTER TABLE `userinfo_product_categories_junction` ENABLE KEYS */;
UNLOCK TABLES;

--
-- Dumping events for database 'bed_assignment1'
--

--
-- Dumping routines for database 'bed_assignment1'
--
/*!40103 SET TIME_ZONE=@OLD_TIME_ZONE */;

/*!40101 SET SQL_MODE=@OLD_SQL_MODE */;
/*!40014 SET FOREIGN_KEY_CHECKS=@OLD_FOREIGN_KEY_CHECKS */;
/*!40014 SET UNIQUE_CHECKS=@OLD_UNIQUE_CHECKS */;
/*!40101 SET CHARACTER_SET_CLIENT=@OLD_CHARACTER_SET_CLIENT */;
/*!40101 SET CHARACTER_SET_RESULTS=@OLD_CHARACTER_SET_RESULTS */;
/*!40101 SET COLLATION_CONNECTION=@OLD_COLLATION_CONNECTION */;
/*!40111 SET SQL_NOTES=@OLD_SQL_NOTES */;

-- Dump completed on 2021-12-29  0:07:43
