{
	"info": {
		"_postman_id": "1d26d37f-435f-4c2f-b2f7-87f7529294d1",
		"name": "BED_Assignment1",
		"schema": "https://schema.getpostman.com/json/collection/v2.1.0/collection.json"
	},
	"item": [
		{
			"name": "Add New User",
			"request": {
				"method": "POST",
				"header": [],
				"body": {
					"mode": "urlencoded",
					"urlencoded": [
						{
							"key": "username",
							"value": "Jonas",
							"type": "text"
						},
						{
							"key": "contact",
							"value": "93482532",
							"type": "text"
						},
						{
							"key": "password",
							"value": "jonas",
							"type": "text"
						},
						{
							"key": "type",
							"value": "admin",
							"type": "text"
						},
						{
							"key": "profile_pic_url",
							"value": "joansurl@website.com",
							"type": "text"
						}
					]
				},
				"url": {
					"raw": "http://localhost:8001/users",
					"protocol": "http",
					"host": [
						"localhost"
					],
					"port": "8001",
					"path": [
						"users"
					]
				}
			},
			"response": []
		},
		{
			"name": "Add New Product Category",
			"request": {
				"method": "POST",
				"header": [],
				"body": {
					"mode": "urlencoded",
					"urlencoded": [
						{
							"key": "Category",
							"value": "6",
							"type": "text"
						},
						{
							"key": "Description",
							"value": "Test Category",
							"type": "text"
						}
					]
				},
				"url": {
					"raw": "http://localhost:8001/category",
					"protocol": "http",
					"host": [
						"localhost"
					],
					"port": "8001",
					"path": [
						"category"
					]
				}
			},
			"response": []
		},
		{
			"name": "Add New Product",
			"request": {
				"method": "POST",
				"header": [],
				"body": {
					"mode": "formdata",
					"formdata": [
						{
							"key": "name",
							"value": "Test Product",
							"type": "text"
						},
						{
							"key": "description",
							"value": "Take extreme performance with you wherever you go with ease.",
							"type": "text"
						},
						{
							"key": "category_id",
							"value": "1",
							"type": "text"
						},
						{
							"key": "brand",
							"value": "Aftershock",
							"type": "text"
						},
						{
							"key": "price",
							"value": "2160.35",
							"type": "text"
						},
						{
							"key": "file",
							"type": "file",
							"src": "/D:/Personal/Downloads/Apple TV.jpg"
						}
					]
				},
				"url": {
					"raw": "http://localhost:8001/product",
					"protocol": "http",
					"host": [
						"localhost"
					],
					"port": "8001",
					"path": [
						"product"
					]
				}
			},
			"response": []
		},
		{
			"name": "Add New Product Review",
			"request": {
				"method": "POST",
				"header": [],
				"body": {
					"mode": "urlencoded",
					"urlencoded": [
						{
							"key": "user_id",
							"value": "7",
							"type": "text"
						},
						{
							"key": "rating",
							"value": "4",
							"type": "text"
						},
						{
							"key": "review",
							"value": "Very good product to use",
							"type": "text"
						}
					]
				},
				"url": {
					"raw": "http://localhost:8001/product/:id/review",
					"protocol": "http",
					"host": [
						"localhost"
					],
					"port": "8001",
					"path": [
						"product",
						":id",
						"review"
					],
					"query": [
						{
							"key": "",
							"value": null,
							"disabled": true
						}
					],
					"variable": [
						{
							"key": "id",
							"value": "2"
						}
					]
				}
			},
			"response": []
		},
		{
			"name": "Add User Interest",
			"request": {
				"method": "POST",
				"header": [],
				"body": {
					"mode": "urlencoded",
					"urlencoded": [
						{
							"key": "categoryids",
							"value": "1,3,5",
							"type": "text"
						}
					]
				},
				"url": {
					"raw": "http://localhost:8001/interest/:userid",
					"protocol": "http",
					"host": [
						"localhost"
					],
					"port": "8001",
					"path": [
						"interest",
						":userid"
					],
					"variable": [
						{
							"key": "userid",
							"value": "1"
						}
					]
				}
			},
			"response": []
		},
		{
			"name": "Edit User",
			"request": {
				"method": "PUT",
				"header": [],
				"body": {
					"mode": "urlencoded",
					"urlencoded": [
						{
							"key": "username",
							"value": "jussins",
							"type": "text"
						},
						{
							"key": "contact",
							"value": "9383818",
							"type": "text"
						},
						{
							"key": "password",
							"value": "bussinss",
							"type": "text"
						},
						{
							"key": "type",
							"value": "admin",
							"type": "text"
						},
						{
							"key": "profile_pic_url",
							"value": "www.youtube.com/1",
							"type": "text"
						}
					]
				},
				"url": {
					"raw": "http://localhost:8001/users/:id",
					"protocol": "http",
					"host": [
						"localhost"
					],
					"port": "8001",
					"path": [
						"users",
						":id"
					],
					"variable": [
						{
							"key": "id",
							"value": "2"
						}
					]
				}
			},
			"response": []
		},
		{
			"name": "Get Specific Product Information",
			"request": {
				"method": "GET",
				"header": [],
				"url": {
					"raw": "http://localhost:8001/product/:id",
					"protocol": "http",
					"host": [
						"localhost"
					],
					"port": "8001",
					"path": [
						"product",
						":id"
					],
					"variable": [
						{
							"key": "id",
							"value": "52"
						}
					]
				}
			},
			"response": []
		},
		{
			"name": "Get Specific Category Information",
			"request": {
				"method": "GET",
				"header": [],
				"url": {
					"raw": "http://localhost:8001/category/:id",
					"protocol": "http",
					"host": [
						"localhost"
					],
					"port": "8001",
					"path": [
						"category",
						":id"
					],
					"variable": [
						{
							"key": "id",
							"value": "5"
						}
					]
				}
			},
			"response": []
		},
		{
			"name": "Get Specific Product Review",
			"request": {
				"method": "GET",
				"header": [],
				"url": {
					"raw": "http://localhost:8001/product/:id/reviews",
					"protocol": "http",
					"host": [
						"localhost"
					],
					"port": "8001",
					"path": [
						"product",
						":id",
						"reviews"
					],
					"variable": [
						{
							"key": "id",
							"value": "3"
						}
					]
				}
			},
			"response": []
		},
		{
			"name": "Get Specific User Info",
			"request": {
				"method": "GET",
				"header": [],
				"url": {
					"raw": "http://localhost:8001/users/:id",
					"protocol": "http",
					"host": [
						"localhost"
					],
					"port": "8001",
					"path": [
						"users",
						":id"
					],
					"variable": [
						{
							"key": "id",
							"value": "2"
						}
					]
				}
			},
			"response": []
		},
		{
			"name": "Get All Users",
			"protocolProfileBehavior": {
				"disableBodyPruning": true
			},
			"request": {
				"method": "GET",
				"header": [],
				"body": {
					"mode": "urlencoded",
					"urlencoded": []
				},
				"url": {
					"raw": "http://localhost:8001/users",
					"protocol": "http",
					"host": [
						"localhost"
					],
					"port": "8001",
					"path": [
						"users"
					]
				}
			},
			"response": []
		},
		{
			"name": "Get All Categories",
			"request": {
				"method": "GET",
				"header": [],
				"url": {
					"raw": "http://localhost:8001/category",
					"protocol": "http",
					"host": [
						"localhost"
					],
					"port": "8001",
					"path": [
						"category"
					]
				}
			},
			"response": []
		},
		{
			"name": "Get All Products",
			"request": {
				"method": "GET",
				"header": [],
				"url": {
					"raw": "http://localhost:8001/product",
					"protocol": "http",
					"host": [
						"localhost"
					],
					"port": "8001",
					"path": [
						"product"
					]
				}
			},
			"response": []
		},
		{
			"name": "Get All Product Reviews",
			"request": {
				"method": "GET",
				"header": [],
				"url": {
					"raw": "http://localhost:8001/products/reviews",
					"protocol": "http",
					"host": [
						"localhost"
					],
					"port": "8001",
					"path": [
						"products",
						"reviews"
					]
				}
			},
			"response": []
		},
		{
			"name": "Truncates Specific Table",
			"request": {
				"method": "DELETE",
				"header": [],
				"body": {
					"mode": "urlencoded",
					"urlencoded": [
						{
							"key": "table",
							"value": "products",
							"type": "text",
							"disabled": true
						},
						{
							"key": "table",
							"value": "userinfo",
							"type": "text"
						},
						{
							"key": "table",
							"value": "product_reviews",
							"type": "text",
							"disabled": true
						},
						{
							"key": "table",
							"value": "",
							"type": "text",
							"disabled": true
						},
						{
							"key": "table",
							"value": "userinfo_product_categories_junction",
							"type": "text",
							"disabled": true
						}
					]
				},
				"url": {
					"raw": "http://localhost:8001/users/delete",
					"protocol": "http",
					"host": [
						"localhost"
					],
					"port": "8001",
					"path": [
						"users",
						"delete"
					]
				}
			},
			"response": []
		},
		{
			"name": "Delete Specific User",
			"request": {
				"method": "DELETE",
				"header": [],
				"url": {
					"raw": "http://localhost:8001/users/delete/:id",
					"protocol": "http",
					"host": [
						"localhost"
					],
					"port": "8001",
					"path": [
						"users",
						"delete",
						":id"
					],
					"variable": [
						{
							"key": "id",
							"value": "3"
						}
					]
				}
			},
			"response": []
		},
		{
			"name": "Delete Specific Product",
			"request": {
				"method": "DELETE",
				"header": [],
				"url": {
					"raw": "http://localhost:8001/product/:id",
					"protocol": "http",
					"host": [
						"localhost"
					],
					"port": "8001",
					"path": [
						"product",
						":id"
					],
					"variable": [
						{
							"key": "id",
							"value": "55"
						}
					]
				}
			},
			"response": []
		}
	]
}